{
    "landscape": {
        "road": {
            "name": "road",
            "shortName": "r",
            "defense": 0
        },
        "meadow": {
            "name": "meadow",
            "shortName": "m",
            "defense": 1
        },
        "forest": {
            "name": "forest",
            "shortName": "f",
            "defense": 2
        },
        "stone": {
            "name": "stone",
            "shortName": "s",
            "defense": 3
        },
        "water": {
            "name": "water",
            "shortName": "w",
            "defense": 0
        },
        "wall": {
            "name": "wall",
            "shortName": "#",
            "defense": 0
        }
    },
    "building": {
        "farm": {
            "name": "farm",
            "defense": 2
        },
        "castle": {
            "name": "castle",
            "defense": 2
        }
    },
    "units": {
        "soldier": {
            "name": "soldier",
            "attack": 20
        },
        "archer": {
            "name": "archer",
            "attack": 15
        },
        "skeleton": {
            "name": "skeleton",
            "attack": 15
        }
    }
}
