{"frames": {

"action-attack-0":
{
	"frame": {"x":2,"y":2,"w":24,"h":24},
	"rotated": false,
	"trimmed": false,
	"spriteSourceSize": {"x":0,"y":0,"w":24,"h":24},
	"sourceSize": {"w":24,"h":24}
},
"action-attack-0_old":
{
	"frame": {"x":28,"y":2,"w":48,"h":48},
	"rotated": false,
	"trimmed": false,
	"spriteSourceSize": {"x":0,"y":0,"w":48,"h":48},
	"sourceSize": {"w":48,"h":48}
},
"action-attack-1":
{
	"frame": {"x":78,"y":2,"w":24,"h":24},
	"rotated": false,
	"trimmed": false,
	"spriteSourceSize": {"x":0,"y":0,"w":24,"h":24},
	"sourceSize": {"w":24,"h":24}
},
"action-attack-1_old":
{
	"frame": {"x":104,"y":2,"w":48,"h":48},
	"rotated": false,
	"trimmed": false,
	"spriteSourceSize": {"x":0,"y":0,"w":48,"h":48},
	"sourceSize": {"w":48,"h":48}
},
"action-attack-2":
{
	"frame": {"x":154,"y":2,"w":24,"h":24},
	"rotated": false,
	"trimmed": false,
	"spriteSourceSize": {"x":0,"y":0,"w":24,"h":24},
	"sourceSize": {"w":24,"h":24}
},
"action-attack-2_old":
{
	"frame": {"x":180,"y":2,"w":48,"h":48},
	"rotated": false,
	"trimmed": false,
	"spriteSourceSize": {"x":0,"y":0,"w":48,"h":48},
	"sourceSize": {"w":48,"h":48}
},
"action-attack-3":
{
	"frame": {"x":230,"y":2,"w":24,"h":24},
	"rotated": false,
	"trimmed": false,
	"spriteSourceSize": {"x":0,"y":0,"w":24,"h":24},
	"sourceSize": {"w":24,"h":24}
},
"action-destroy-building-0":
{
	"frame": {"x":256,"y":2,"w":24,"h":24},
	"rotated": false,
	"trimmed": false,
	"spriteSourceSize": {"x":0,"y":0,"w":24,"h":24},
	"sourceSize": {"w":24,"h":24}
},
"action-destroy-building-1":
{
	"frame": {"x":282,"y":2,"w":24,"h":24},
	"rotated": false,
	"trimmed": false,
	"spriteSourceSize": {"x":0,"y":0,"w":24,"h":24},
	"sourceSize": {"w":24,"h":24}
},
"action-destroy-building-2":
{
	"frame": {"x":308,"y":2,"w":24,"h":24},
	"rotated": false,
	"trimmed": false,
	"spriteSourceSize": {"x":0,"y":0,"w":24,"h":24},
	"sourceSize": {"w":24,"h":24}
},
"action-destroy-building-3":
{
	"frame": {"x":334,"y":2,"w":24,"h":24},
	"rotated": false,
	"trimmed": false,
	"spriteSourceSize": {"x":0,"y":0,"w":24,"h":24},
	"sourceSize": {"w":24,"h":24}
},
"action-fix-building":
{
	"frame": {"x":360,"y":2,"w":24,"h":24},
	"rotated": false,
	"trimmed": false,
	"spriteSourceSize": {"x":0,"y":0,"w":24,"h":24},
	"sourceSize": {"w":24,"h":24}
},
"action-move":
{
	"frame": {"x":386,"y":2,"w":24,"h":24},
	"rotated": false,
	"trimmed": false,
	"spriteSourceSize": {"x":0,"y":0,"w":24,"h":24},
	"sourceSize": {"w":24,"h":24}
},
"action-occupy-building":
{
	"frame": {"x":412,"y":2,"w":24,"h":24},
	"rotated": false,
	"trimmed": false,
	"spriteSourceSize": {"x":0,"y":0,"w":24,"h":24},
	"sourceSize": {"w":24,"h":24}
},
"angle-road-1-s":
{
	"frame": {"x":438,"y":2,"w":12,"h":12},
	"rotated": false,
	"trimmed": false,
	"spriteSourceSize": {"x":0,"y":0,"w":12,"h":12},
	"sourceSize": {"w":12,"h":12}
},
"angle-road-1":
{
	"frame": {"x":452,"y":2,"w":12,"h":12},
	"rotated": false,
	"trimmed": false,
	"spriteSourceSize": {"x":0,"y":0,"w":12,"h":12},
	"sourceSize": {"w":12,"h":12}
},
"angle-road-2":
{
	"frame": {"x":466,"y":2,"w":24,"h":12},
	"rotated": false,
	"trimmed": false,
	"spriteSourceSize": {"x":0,"y":0,"w":24,"h":12},
	"sourceSize": {"w":24,"h":12}
},
"angle-road-3-s":
{
	"frame": {"x":492,"y":2,"w":12,"h":12},
	"rotated": false,
	"trimmed": false,
	"spriteSourceSize": {"x":0,"y":0,"w":12,"h":12},
	"sourceSize": {"w":12,"h":12}
},
"angle-road-3":
{
	"frame": {"x":2,"y":52,"w":12,"h":12},
	"rotated": false,
	"trimmed": false,
	"spriteSourceSize": {"x":0,"y":0,"w":12,"h":12},
	"sourceSize": {"w":12,"h":12}
},
"angle-road-4":
{
	"frame": {"x":16,"y":52,"w":12,"h":24},
	"rotated": false,
	"trimmed": false,
	"spriteSourceSize": {"x":0,"y":0,"w":12,"h":24},
	"sourceSize": {"w":12,"h":24}
},
"angle-road-6":
{
	"frame": {"x":30,"y":52,"w":12,"h":24},
	"rotated": false,
	"trimmed": false,
	"spriteSourceSize": {"x":0,"y":0,"w":12,"h":24},
	"sourceSize": {"w":12,"h":24}
},
"angle-road-7-s":
{
	"frame": {"x":44,"y":52,"w":12,"h":12},
	"rotated": false,
	"trimmed": false,
	"spriteSourceSize": {"x":0,"y":0,"w":12,"h":12},
	"sourceSize": {"w":12,"h":12}
},
"angle-road-7":
{
	"frame": {"x":58,"y":52,"w":12,"h":12},
	"rotated": false,
	"trimmed": false,
	"spriteSourceSize": {"x":0,"y":0,"w":12,"h":12},
	"sourceSize": {"w":12,"h":12}
},
"angle-road-8":
{
	"frame": {"x":72,"y":52,"w":24,"h":12},
	"rotated": false,
	"trimmed": false,
	"spriteSourceSize": {"x":0,"y":0,"w":24,"h":12},
	"sourceSize": {"w":24,"h":12}
},
"angle-road-9-s":
{
	"frame": {"x":98,"y":52,"w":12,"h":12},
	"rotated": false,
	"trimmed": false,
	"spriteSourceSize": {"x":0,"y":0,"w":12,"h":12},
	"sourceSize": {"w":12,"h":12}
},
"angle-road-9":
{
	"frame": {"x":112,"y":52,"w":12,"h":12},
	"rotated": false,
	"trimmed": false,
	"spriteSourceSize": {"x":0,"y":0,"w":12,"h":12},
	"sourceSize": {"w":12,"h":12}
},
"angle-water-1-s":
{
	"frame": {"x":126,"y":52,"w":12,"h":12},
	"rotated": false,
	"trimmed": false,
	"spriteSourceSize": {"x":0,"y":0,"w":12,"h":12},
	"sourceSize": {"w":12,"h":12}
},
"angle-water-1":
{
	"frame": {"x":140,"y":52,"w":12,"h":12},
	"rotated": false,
	"trimmed": false,
	"spriteSourceSize": {"x":0,"y":0,"w":12,"h":12},
	"sourceSize": {"w":12,"h":12}
},
"angle-water-2":
{
	"frame": {"x":154,"y":52,"w":24,"h":12},
	"rotated": false,
	"trimmed": false,
	"spriteSourceSize": {"x":0,"y":0,"w":24,"h":12},
	"sourceSize": {"w":24,"h":12}
},
"angle-water-3-s":
{
	"frame": {"x":180,"y":52,"w":12,"h":12},
	"rotated": false,
	"trimmed": false,
	"spriteSourceSize": {"x":0,"y":0,"w":12,"h":12},
	"sourceSize": {"w":12,"h":12}
},
"angle-water-3":
{
	"frame": {"x":194,"y":52,"w":12,"h":12},
	"rotated": false,
	"trimmed": false,
	"spriteSourceSize": {"x":0,"y":0,"w":12,"h":12},
	"sourceSize": {"w":12,"h":12}
},
"angle-water-4":
{
	"frame": {"x":208,"y":52,"w":12,"h":24},
	"rotated": false,
	"trimmed": false,
	"spriteSourceSize": {"x":0,"y":0,"w":12,"h":24},
	"sourceSize": {"w":12,"h":24}
},
"angle-water-6":
{
	"frame": {"x":222,"y":52,"w":12,"h":24},
	"rotated": false,
	"trimmed": false,
	"spriteSourceSize": {"x":0,"y":0,"w":12,"h":24},
	"sourceSize": {"w":12,"h":24}
},
"angle-water-7-s":
{
	"frame": {"x":236,"y":52,"w":12,"h":12},
	"rotated": false,
	"trimmed": false,
	"spriteSourceSize": {"x":0,"y":0,"w":12,"h":12},
	"sourceSize": {"w":12,"h":12}
},
"angle-water-7":
{
	"frame": {"x":250,"y":52,"w":12,"h":12},
	"rotated": false,
	"trimmed": false,
	"spriteSourceSize": {"x":0,"y":0,"w":12,"h":12},
	"sourceSize": {"w":12,"h":12}
},
"angle-water-8":
{
	"frame": {"x":264,"y":52,"w":24,"h":12},
	"rotated": false,
	"trimmed": false,
	"spriteSourceSize": {"x":0,"y":0,"w":24,"h":12},
	"sourceSize": {"w":24,"h":12}
},
"angle-water-9-s":
{
	"frame": {"x":290,"y":52,"w":12,"h":12},
	"rotated": false,
	"trimmed": false,
	"spriteSourceSize": {"x":0,"y":0,"w":12,"h":12},
	"sourceSize": {"w":12,"h":12}
},
"angle-water-9":
{
	"frame": {"x":304,"y":52,"w":12,"h":12},
	"rotated": false,
	"trimmed": false,
	"spriteSourceSize": {"x":0,"y":0,"w":12,"h":12},
	"sourceSize": {"w":12,"h":12}
},
"archer-black-0":
{
	"frame": {"x":318,"y":52,"w":24,"h":24},
	"rotated": false,
	"trimmed": false,
	"spriteSourceSize": {"x":0,"y":0,"w":24,"h":24},
	"sourceSize": {"w":24,"h":24}
},
"archer-black-1":
{
	"frame": {"x":344,"y":52,"w":24,"h":24},
	"rotated": false,
	"trimmed": false,
	"spriteSourceSize": {"x":0,"y":0,"w":24,"h":24},
	"sourceSize": {"w":24,"h":24}
},
"archer-blue-0":
{
	"frame": {"x":370,"y":52,"w":24,"h":24},
	"rotated": false,
	"trimmed": false,
	"spriteSourceSize": {"x":0,"y":0,"w":24,"h":24},
	"sourceSize": {"w":24,"h":24}
},
"archer-blue-1":
{
	"frame": {"x":396,"y":52,"w":24,"h":24},
	"rotated": false,
	"trimmed": false,
	"spriteSourceSize": {"x":0,"y":0,"w":24,"h":24},
	"sourceSize": {"w":24,"h":24}
},
"archer-gray-0":
{
	"frame": {"x":422,"y":52,"w":24,"h":24},
	"rotated": false,
	"trimmed": false,
	"spriteSourceSize": {"x":0,"y":0,"w":24,"h":24},
	"sourceSize": {"w":24,"h":24}
},
"archer-gray-1":
{
	"frame": {"x":448,"y":52,"w":24,"h":24},
	"rotated": false,
	"trimmed": false,
	"spriteSourceSize": {"x":0,"y":0,"w":24,"h":24},
	"sourceSize": {"w":24,"h":24}
},
"archer-green-0":
{
	"frame": {"x":474,"y":52,"w":24,"h":24},
	"rotated": false,
	"trimmed": false,
	"spriteSourceSize": {"x":0,"y":0,"w":24,"h":24},
	"sourceSize": {"w":24,"h":24}
},
"archer-green-1":
{
	"frame": {"x":2,"y":78,"w":24,"h":24},
	"rotated": false,
	"trimmed": false,
	"spriteSourceSize": {"x":0,"y":0,"w":24,"h":24},
	"sourceSize": {"w":24,"h":24}
},
"archer-red-0":
{
	"frame": {"x":28,"y":78,"w":24,"h":24},
	"rotated": false,
	"trimmed": false,
	"spriteSourceSize": {"x":0,"y":0,"w":24,"h":24},
	"sourceSize": {"w":24,"h":24}
},
"archer-red-1":
{
	"frame": {"x":54,"y":78,"w":24,"h":24},
	"rotated": false,
	"trimmed": false,
	"spriteSourceSize": {"x":0,"y":0,"w":24,"h":24},
	"sourceSize": {"w":24,"h":24}
},
"available-attack-square":
{
	"frame": {"x":80,"y":78,"w":24,"h":24},
	"rotated": false,
	"trimmed": false,
	"spriteSourceSize": {"x":0,"y":0,"w":24,"h":24},
	"sourceSize": {"w":24,"h":24}
},
"available-path-and-attack":
{
	"frame": {"x":106,"y":78,"w":24,"h":24},
	"rotated": false,
	"trimmed": false,
	"spriteSourceSize": {"x":0,"y":0,"w":24,"h":24},
	"sourceSize": {"w":24,"h":24}
},
"bridge-0":
{
	"frame": {"x":132,"y":78,"w":24,"h":24},
	"rotated": false,
	"trimmed": false,
	"spriteSourceSize": {"x":0,"y":0,"w":24,"h":24},
	"sourceSize": {"w":24,"h":24}
},
"bridge-1":
{
	"frame": {"x":158,"y":78,"w":24,"h":24},
	"rotated": false,
	"trimmed": false,
	"spriteSourceSize": {"x":0,"y":0,"w":24,"h":24},
	"sourceSize": {"w":24,"h":24}
},
"castle-black":
{
	"frame": {"x":184,"y":78,"w":24,"h":48},
	"rotated": false,
	"trimmed": false,
	"spriteSourceSize": {"x":0,"y":0,"w":24,"h":48},
	"sourceSize": {"w":24,"h":48}
},
"castle-blue":
{
	"frame": {"x":210,"y":78,"w":24,"h":48},
	"rotated": false,
	"trimmed": false,
	"spriteSourceSize": {"x":0,"y":0,"w":24,"h":48},
	"sourceSize": {"w":24,"h":48}
},
"castle-gray":
{
	"frame": {"x":236,"y":78,"w":24,"h":48},
	"rotated": false,
	"trimmed": false,
	"spriteSourceSize": {"x":0,"y":0,"w":24,"h":48},
	"sourceSize": {"w":24,"h":48}
},
"castle-green":
{
	"frame": {"x":262,"y":78,"w":24,"h":48},
	"rotated": false,
	"trimmed": false,
	"spriteSourceSize": {"x":0,"y":0,"w":24,"h":48},
	"sourceSize": {"w":24,"h":48}
},
"castle-red":
{
	"frame": {"x":288,"y":78,"w":24,"h":48},
	"rotated": false,
	"trimmed": false,
	"spriteSourceSize": {"x":0,"y":0,"w":24,"h":48},
	"sourceSize": {"w":24,"h":48}
},
"catapult-black-0":
{
	"frame": {"x":314,"y":78,"w":24,"h":24},
	"rotated": false,
	"trimmed": false,
	"spriteSourceSize": {"x":0,"y":0,"w":24,"h":24},
	"sourceSize": {"w":24,"h":24}
},
"catapult-black-1":
{
	"frame": {"x":340,"y":78,"w":24,"h":24},
	"rotated": false,
	"trimmed": false,
	"spriteSourceSize": {"x":0,"y":0,"w":24,"h":24},
	"sourceSize": {"w":24,"h":24}
},
"catapult-blue-0":
{
	"frame": {"x":366,"y":78,"w":24,"h":24},
	"rotated": false,
	"trimmed": false,
	"spriteSourceSize": {"x":0,"y":0,"w":24,"h":24},
	"sourceSize": {"w":24,"h":24}
},
"catapult-blue-1":
{
	"frame": {"x":392,"y":78,"w":24,"h":24},
	"rotated": false,
	"trimmed": false,
	"spriteSourceSize": {"x":0,"y":0,"w":24,"h":24},
	"sourceSize": {"w":24,"h":24}
},
"catapult-gray-0":
{
	"frame": {"x":418,"y":78,"w":24,"h":24},
	"rotated": false,
	"trimmed": false,
	"spriteSourceSize": {"x":0,"y":0,"w":24,"h":24},
	"sourceSize": {"w":24,"h":24}
},
"catapult-gray-1":
{
	"frame": {"x":444,"y":78,"w":24,"h":24},
	"rotated": false,
	"trimmed": false,
	"spriteSourceSize": {"x":0,"y":0,"w":24,"h":24},
	"sourceSize": {"w":24,"h":24}
},
"catapult-green-0":
{
	"frame": {"x":470,"y":78,"w":24,"h":24},
	"rotated": false,
	"trimmed": false,
	"spriteSourceSize": {"x":0,"y":0,"w":24,"h":24},
	"sourceSize": {"w":24,"h":24}
},
"catapult-green-1":
{
	"frame": {"x":2,"y":128,"w":24,"h":24},
	"rotated": false,
	"trimmed": false,
	"spriteSourceSize": {"x":0,"y":0,"w":24,"h":24},
	"sourceSize": {"w":24,"h":24}
},
"catapult-red-0":
{
	"frame": {"x":28,"y":128,"w":24,"h":24},
	"rotated": false,
	"trimmed": false,
	"spriteSourceSize": {"x":0,"y":0,"w":24,"h":24},
	"sourceSize": {"w":24,"h":24}
},
"catapult-red-1":
{
	"frame": {"x":54,"y":128,"w":24,"h":24},
	"rotated": false,
	"trimmed": false,
	"spriteSourceSize": {"x":0,"y":0,"w":24,"h":24},
	"sourceSize": {"w":24,"h":24}
},
"close":
{
	"frame": {"x":80,"y":128,"w":24,"h":24},
	"rotated": false,
	"trimmed": false,
	"spriteSourceSize": {"x":0,"y":0,"w":24,"h":24},
	"sourceSize": {"w":24,"h":24}
},
"confirm-attack":
{
	"frame": {"x":106,"y":128,"w":24,"h":24},
	"rotated": false,
	"trimmed": false,
	"spriteSourceSize": {"x":0,"y":0,"w":24,"h":24},
	"sourceSize": {"w":24,"h":24}
},
"confirm-move":
{
	"frame": {"x":132,"y":128,"w":24,"h":24},
	"rotated": false,
	"trimmed": false,
	"spriteSourceSize": {"x":0,"y":0,"w":24,"h":24},
	"sourceSize": {"w":24,"h":24}
},
"crystal-black-0":
{
	"frame": {"x":158,"y":128,"w":24,"h":24},
	"rotated": false,
	"trimmed": false,
	"spriteSourceSize": {"x":0,"y":0,"w":24,"h":24},
	"sourceSize": {"w":24,"h":24}
},
"crystal-black-1":
{
	"frame": {"x":184,"y":128,"w":24,"h":24},
	"rotated": false,
	"trimmed": false,
	"spriteSourceSize": {"x":0,"y":0,"w":24,"h":24},
	"sourceSize": {"w":24,"h":24}
},
"crystal-blue-0":
{
	"frame": {"x":210,"y":128,"w":24,"h":24},
	"rotated": false,
	"trimmed": false,
	"spriteSourceSize": {"x":0,"y":0,"w":24,"h":24},
	"sourceSize": {"w":24,"h":24}
},
"crystal-blue-1":
{
	"frame": {"x":236,"y":128,"w":24,"h":24},
	"rotated": false,
	"trimmed": false,
	"spriteSourceSize": {"x":0,"y":0,"w":24,"h":24},
	"sourceSize": {"w":24,"h":24}
},
"crystal-gray-0":
{
	"frame": {"x":262,"y":128,"w":24,"h":24},
	"rotated": false,
	"trimmed": false,
	"spriteSourceSize": {"x":0,"y":0,"w":24,"h":24},
	"sourceSize": {"w":24,"h":24}
},
"crystal-gray-1":
{
	"frame": {"x":288,"y":128,"w":24,"h":24},
	"rotated": false,
	"trimmed": false,
	"spriteSourceSize": {"x":0,"y":0,"w":24,"h":24},
	"sourceSize": {"w":24,"h":24}
},
"crystal-green-0":
{
	"frame": {"x":314,"y":128,"w":24,"h":24},
	"rotated": false,
	"trimmed": false,
	"spriteSourceSize": {"x":0,"y":0,"w":24,"h":24},
	"sourceSize": {"w":24,"h":24}
},
"crystal-green-1":
{
	"frame": {"x":340,"y":128,"w":24,"h":24},
	"rotated": false,
	"trimmed": false,
	"spriteSourceSize": {"x":0,"y":0,"w":24,"h":24},
	"sourceSize": {"w":24,"h":24}
},
"crystal-red-0":
{
	"frame": {"x":366,"y":128,"w":24,"h":24},
	"rotated": false,
	"trimmed": false,
	"spriteSourceSize": {"x":0,"y":0,"w":24,"h":24},
	"sourceSize": {"w":24,"h":24}
},
"crystal-red-1":
{
	"frame": {"x":392,"y":128,"w":24,"h":24},
	"rotated": false,
	"trimmed": false,
	"spriteSourceSize": {"x":0,"y":0,"w":24,"h":24},
	"sourceSize": {"w":24,"h":24}
},
"demon-lord-black-0":
{
	"frame": {"x":418,"y":128,"w":24,"h":24},
	"rotated": false,
	"trimmed": false,
	"spriteSourceSize": {"x":0,"y":0,"w":24,"h":24},
	"sourceSize": {"w":24,"h":24}
},
"demon-lord-black-1":
{
	"frame": {"x":444,"y":128,"w":24,"h":24},
	"rotated": false,
	"trimmed": false,
	"spriteSourceSize": {"x":0,"y":0,"w":24,"h":24},
	"sourceSize": {"w":24,"h":24}
},
"demon-lord-blue-0":
{
	"frame": {"x":470,"y":128,"w":24,"h":24},
	"rotated": false,
	"trimmed": false,
	"spriteSourceSize": {"x":0,"y":0,"w":24,"h":24},
	"sourceSize": {"w":24,"h":24}
},
"demon-lord-blue-1":
{
	"frame": {"x":2,"y":154,"w":24,"h":24},
	"rotated": false,
	"trimmed": false,
	"spriteSourceSize": {"x":0,"y":0,"w":24,"h":24},
	"sourceSize": {"w":24,"h":24}
},
"demon-lord-gray-0":
{
	"frame": {"x":28,"y":154,"w":24,"h":24},
	"rotated": false,
	"trimmed": false,
	"spriteSourceSize": {"x":0,"y":0,"w":24,"h":24},
	"sourceSize": {"w":24,"h":24}
},
"demon-lord-gray-1":
{
	"frame": {"x":54,"y":154,"w":24,"h":24},
	"rotated": false,
	"trimmed": false,
	"spriteSourceSize": {"x":0,"y":0,"w":24,"h":24},
	"sourceSize": {"w":24,"h":24}
},
"demon-lord-green-0":
{
	"frame": {"x":80,"y":154,"w":24,"h":24},
	"rotated": false,
	"trimmed": false,
	"spriteSourceSize": {"x":0,"y":0,"w":24,"h":24},
	"sourceSize": {"w":24,"h":24}
},
"demon-lord-green-1":
{
	"frame": {"x":106,"y":154,"w":24,"h":24},
	"rotated": false,
	"trimmed": false,
	"spriteSourceSize": {"x":0,"y":0,"w":24,"h":24},
	"sourceSize": {"w":24,"h":24}
},
"demon-lord-red-0":
{
	"frame": {"x":132,"y":154,"w":24,"h":24},
	"rotated": false,
	"trimmed": false,
	"spriteSourceSize": {"x":0,"y":0,"w":24,"h":24},
	"sourceSize": {"w":24,"h":24}
},
"demon-lord-red-1":
{
	"frame": {"x":158,"y":154,"w":24,"h":24},
	"rotated": false,
	"trimmed": false,
	"spriteSourceSize": {"x":0,"y":0,"w":24,"h":24},
	"sourceSize": {"w":24,"h":24}
},
"dire-wolf-black-0":
{
	"frame": {"x":184,"y":154,"w":24,"h":24},
	"rotated": false,
	"trimmed": false,
	"spriteSourceSize": {"x":0,"y":0,"w":24,"h":24},
	"sourceSize": {"w":24,"h":24}
},
"dire-wolf-black-1":
{
	"frame": {"x":210,"y":154,"w":24,"h":24},
	"rotated": false,
	"trimmed": false,
	"spriteSourceSize": {"x":0,"y":0,"w":24,"h":24},
	"sourceSize": {"w":24,"h":24}
},
"dire-wolf-blue-0":
{
	"frame": {"x":236,"y":154,"w":24,"h":24},
	"rotated": false,
	"trimmed": false,
	"spriteSourceSize": {"x":0,"y":0,"w":24,"h":24},
	"sourceSize": {"w":24,"h":24}
},
"dire-wolf-blue-1":
{
	"frame": {"x":262,"y":154,"w":24,"h":24},
	"rotated": false,
	"trimmed": false,
	"spriteSourceSize": {"x":0,"y":0,"w":24,"h":24},
	"sourceSize": {"w":24,"h":24}
},
"dire-wolf-gray-0":
{
	"frame": {"x":288,"y":154,"w":24,"h":24},
	"rotated": false,
	"trimmed": false,
	"spriteSourceSize": {"x":0,"y":0,"w":24,"h":24},
	"sourceSize": {"w":24,"h":24}
},
"dire-wolf-gray-1":
{
	"frame": {"x":314,"y":154,"w":24,"h":24},
	"rotated": false,
	"trimmed": false,
	"spriteSourceSize": {"x":0,"y":0,"w":24,"h":24},
	"sourceSize": {"w":24,"h":24}
},
"dire-wolf-green-0":
{
	"frame": {"x":340,"y":154,"w":24,"h":24},
	"rotated": false,
	"trimmed": false,
	"spriteSourceSize": {"x":0,"y":0,"w":24,"h":24},
	"sourceSize": {"w":24,"h":24}
},
"dire-wolf-green-1":
{
	"frame": {"x":366,"y":154,"w":24,"h":24},
	"rotated": false,
	"trimmed": false,
	"spriteSourceSize": {"x":0,"y":0,"w":24,"h":24},
	"sourceSize": {"w":24,"h":24}
},
"dire-wolf-red-0":
{
	"frame": {"x":392,"y":154,"w":24,"h":24},
	"rotated": false,
	"trimmed": false,
	"spriteSourceSize": {"x":0,"y":0,"w":24,"h":24},
	"sourceSize": {"w":24,"h":24}
},
"dire-wolf-red-1":
{
	"frame": {"x":418,"y":154,"w":24,"h":24},
	"rotated": false,
	"trimmed": false,
	"spriteSourceSize": {"x":0,"y":0,"w":24,"h":24},
	"sourceSize": {"w":24,"h":24}
},
"dragon-black-0":
{
	"frame": {"x":444,"y":154,"w":24,"h":24},
	"rotated": false,
	"trimmed": false,
	"spriteSourceSize": {"x":0,"y":0,"w":24,"h":24},
	"sourceSize": {"w":24,"h":24}
},
"dragon-black-1":
{
	"frame": {"x":470,"y":154,"w":24,"h":24},
	"rotated": false,
	"trimmed": false,
	"spriteSourceSize": {"x":0,"y":0,"w":24,"h":24},
	"sourceSize": {"w":24,"h":24}
},
"dragon-blue-0":
{
	"frame": {"x":2,"y":180,"w":24,"h":24},
	"rotated": false,
	"trimmed": false,
	"spriteSourceSize": {"x":0,"y":0,"w":24,"h":24},
	"sourceSize": {"w":24,"h":24}
},
"dragon-blue-1":
{
	"frame": {"x":28,"y":180,"w":24,"h":24},
	"rotated": false,
	"trimmed": false,
	"spriteSourceSize": {"x":0,"y":0,"w":24,"h":24},
	"sourceSize": {"w":24,"h":24}
},
"dragon-gray-0":
{
	"frame": {"x":54,"y":180,"w":24,"h":24},
	"rotated": false,
	"trimmed": false,
	"spriteSourceSize": {"x":0,"y":0,"w":24,"h":24},
	"sourceSize": {"w":24,"h":24}
},
"dragon-gray-1":
{
	"frame": {"x":80,"y":180,"w":24,"h":24},
	"rotated": false,
	"trimmed": false,
	"spriteSourceSize": {"x":0,"y":0,"w":24,"h":24},
	"sourceSize": {"w":24,"h":24}
},
"dragon-green-0":
{
	"frame": {"x":106,"y":180,"w":24,"h":24},
	"rotated": false,
	"trimmed": false,
	"spriteSourceSize": {"x":0,"y":0,"w":24,"h":24},
	"sourceSize": {"w":24,"h":24}
},
"dragon-green-1":
{
	"frame": {"x":132,"y":180,"w":24,"h":24},
	"rotated": false,
	"trimmed": false,
	"spriteSourceSize": {"x":0,"y":0,"w":24,"h":24},
	"sourceSize": {"w":24,"h":24}
},
"dragon-red-0":
{
	"frame": {"x":158,"y":180,"w":24,"h":24},
	"rotated": false,
	"trimmed": false,
	"spriteSourceSize": {"x":0,"y":0,"w":24,"h":24},
	"sourceSize": {"w":24,"h":24}
},
"dragon-red-1":
{
	"frame": {"x":184,"y":180,"w":24,"h":24},
	"rotated": false,
	"trimmed": false,
	"spriteSourceSize": {"x":0,"y":0,"w":24,"h":24},
	"sourceSize": {"w":24,"h":24}
},
"elemental-black-0":
{
	"frame": {"x":210,"y":180,"w":24,"h":24},
	"rotated": false,
	"trimmed": false,
	"spriteSourceSize": {"x":0,"y":0,"w":24,"h":24},
	"sourceSize": {"w":24,"h":24}
},
"elemental-black-1":
{
	"frame": {"x":236,"y":180,"w":24,"h":24},
	"rotated": false,
	"trimmed": false,
	"spriteSourceSize": {"x":0,"y":0,"w":24,"h":24},
	"sourceSize": {"w":24,"h":24}
},
"elemental-blue-0":
{
	"frame": {"x":262,"y":180,"w":24,"h":24},
	"rotated": false,
	"trimmed": false,
	"spriteSourceSize": {"x":0,"y":0,"w":24,"h":24},
	"sourceSize": {"w":24,"h":24}
},
"elemental-blue-1":
{
	"frame": {"x":288,"y":180,"w":24,"h":24},
	"rotated": false,
	"trimmed": false,
	"spriteSourceSize": {"x":0,"y":0,"w":24,"h":24},
	"sourceSize": {"w":24,"h":24}
},
"elemental-gray-0":
{
	"frame": {"x":314,"y":180,"w":24,"h":24},
	"rotated": false,
	"trimmed": false,
	"spriteSourceSize": {"x":0,"y":0,"w":24,"h":24},
	"sourceSize": {"w":24,"h":24}
},
"elemental-gray-1":
{
	"frame": {"x":340,"y":180,"w":24,"h":24},
	"rotated": false,
	"trimmed": false,
	"spriteSourceSize": {"x":0,"y":0,"w":24,"h":24},
	"sourceSize": {"w":24,"h":24}
},
"elemental-green-0":
{
	"frame": {"x":366,"y":180,"w":24,"h":24},
	"rotated": false,
	"trimmed": false,
	"spriteSourceSize": {"x":0,"y":0,"w":24,"h":24},
	"sourceSize": {"w":24,"h":24}
},
"elemental-green-1":
{
	"frame": {"x":392,"y":180,"w":24,"h":24},
	"rotated": false,
	"trimmed": false,
	"spriteSourceSize": {"x":0,"y":0,"w":24,"h":24},
	"sourceSize": {"w":24,"h":24}
},
"elemental-red-0":
{
	"frame": {"x":418,"y":180,"w":24,"h":24},
	"rotated": false,
	"trimmed": false,
	"spriteSourceSize": {"x":0,"y":0,"w":24,"h":24},
	"sourceSize": {"w":24,"h":24}
},
"elemental-red-1":
{
	"frame": {"x":444,"y":180,"w":24,"h":24},
	"rotated": false,
	"trimmed": false,
	"spriteSourceSize": {"x":0,"y":0,"w":24,"h":24},
	"sourceSize": {"w":24,"h":24}
},
"farm-black":
{
	"frame": {"x":470,"y":180,"w":24,"h":24},
	"rotated": false,
	"trimmed": false,
	"spriteSourceSize": {"x":0,"y":0,"w":24,"h":24},
	"sourceSize": {"w":24,"h":24}
},
"farm-blue":
{
	"frame": {"x":2,"y":206,"w":24,"h":24},
	"rotated": false,
	"trimmed": false,
	"spriteSourceSize": {"x":0,"y":0,"w":24,"h":24},
	"sourceSize": {"w":24,"h":24}
},
"farm-destroyed":
{
	"frame": {"x":28,"y":206,"w":24,"h":24},
	"rotated": false,
	"trimmed": false,
	"spriteSourceSize": {"x":0,"y":0,"w":24,"h":24},
	"sourceSize": {"w":24,"h":24}
},
"farm-gray":
{
	"frame": {"x":54,"y":206,"w":24,"h":24},
	"rotated": false,
	"trimmed": false,
	"spriteSourceSize": {"x":0,"y":0,"w":24,"h":24},
	"sourceSize": {"w":24,"h":24}
},
"farm-green":
{
	"frame": {"x":80,"y":206,"w":24,"h":24},
	"rotated": false,
	"trimmed": false,
	"spriteSourceSize": {"x":0,"y":0,"w":24,"h":24},
	"sourceSize": {"w":24,"h":24}
},
"farm-red":
{
	"frame": {"x":106,"y":206,"w":24,"h":24},
	"rotated": false,
	"trimmed": false,
	"spriteSourceSize": {"x":0,"y":0,"w":24,"h":24},
	"sourceSize": {"w":24,"h":24}
},
"forest-0":
{
	"frame": {"x":132,"y":206,"w":24,"h":24},
	"rotated": false,
	"trimmed": false,
	"spriteSourceSize": {"x":0,"y":0,"w":24,"h":24},
	"sourceSize": {"w":24,"h":24}
},
"forest-1":
{
	"frame": {"x":158,"y":206,"w":24,"h":24},
	"rotated": false,
	"trimmed": false,
	"spriteSourceSize": {"x":0,"y":0,"w":24,"h":24},
	"sourceSize": {"w":24,"h":24}
},
"galamar-black-0":
{
	"frame": {"x":184,"y":206,"w":24,"h":24},
	"rotated": false,
	"trimmed": false,
	"spriteSourceSize": {"x":0,"y":0,"w":24,"h":24},
	"sourceSize": {"w":24,"h":24}
},
"galamar-black-1":
{
	"frame": {"x":210,"y":206,"w":24,"h":24},
	"rotated": false,
	"trimmed": false,
	"spriteSourceSize": {"x":0,"y":0,"w":24,"h":24},
	"sourceSize": {"w":24,"h":24}
},
"galamar-blue-0":
{
	"frame": {"x":236,"y":206,"w":24,"h":24},
	"rotated": false,
	"trimmed": false,
	"spriteSourceSize": {"x":0,"y":0,"w":24,"h":24},
	"sourceSize": {"w":24,"h":24}
},
"galamar-blue-1":
{
	"frame": {"x":262,"y":206,"w":24,"h":24},
	"rotated": false,
	"trimmed": false,
	"spriteSourceSize": {"x":0,"y":0,"w":24,"h":24},
	"sourceSize": {"w":24,"h":24}
},
"galamar-gray-0":
{
	"frame": {"x":288,"y":206,"w":24,"h":24},
	"rotated": false,
	"trimmed": false,
	"spriteSourceSize": {"x":0,"y":0,"w":24,"h":24},
	"sourceSize": {"w":24,"h":24}
},
"galamar-gray-1":
{
	"frame": {"x":314,"y":206,"w":24,"h":24},
	"rotated": false,
	"trimmed": false,
	"spriteSourceSize": {"x":0,"y":0,"w":24,"h":24},
	"sourceSize": {"w":24,"h":24}
},
"galamar-green-0":
{
	"frame": {"x":340,"y":206,"w":24,"h":24},
	"rotated": false,
	"trimmed": false,
	"spriteSourceSize": {"x":0,"y":0,"w":24,"h":24},
	"sourceSize": {"w":24,"h":24}
},
"galamar-green-1":
{
	"frame": {"x":366,"y":206,"w":24,"h":24},
	"rotated": false,
	"trimmed": false,
	"spriteSourceSize": {"x":0,"y":0,"w":24,"h":24},
	"sourceSize": {"w":24,"h":24}
},
"galamar-red-0":
{
	"frame": {"x":392,"y":206,"w":24,"h":24},
	"rotated": false,
	"trimmed": false,
	"spriteSourceSize": {"x":0,"y":0,"w":24,"h":24},
	"sourceSize": {"w":24,"h":24}
},
"galamar-red-1":
{
	"frame": {"x":418,"y":206,"w":24,"h":24},
	"rotated": false,
	"trimmed": false,
	"spriteSourceSize": {"x":0,"y":0,"w":24,"h":24},
	"sourceSize": {"w":24,"h":24}
},
"golem-black-0":
{
	"frame": {"x":444,"y":206,"w":24,"h":24},
	"rotated": false,
	"trimmed": false,
	"spriteSourceSize": {"x":0,"y":0,"w":24,"h":24},
	"sourceSize": {"w":24,"h":24}
},
"golem-black-1":
{
	"frame": {"x":470,"y":206,"w":24,"h":24},
	"rotated": false,
	"trimmed": false,
	"spriteSourceSize": {"x":0,"y":0,"w":24,"h":24},
	"sourceSize": {"w":24,"h":24}
},
"golem-blue-0":
{
	"frame": {"x":2,"y":232,"w":24,"h":24},
	"rotated": false,
	"trimmed": false,
	"spriteSourceSize": {"x":0,"y":0,"w":24,"h":24},
	"sourceSize": {"w":24,"h":24}
},
"golem-blue-1":
{
	"frame": {"x":28,"y":232,"w":24,"h":24},
	"rotated": false,
	"trimmed": false,
	"spriteSourceSize": {"x":0,"y":0,"w":24,"h":24},
	"sourceSize": {"w":24,"h":24}
},
"golem-gray-0":
{
	"frame": {"x":54,"y":232,"w":24,"h":24},
	"rotated": false,
	"trimmed": false,
	"spriteSourceSize": {"x":0,"y":0,"w":24,"h":24},
	"sourceSize": {"w":24,"h":24}
},
"golem-gray-1":
{
	"frame": {"x":80,"y":232,"w":24,"h":24},
	"rotated": false,
	"trimmed": false,
	"spriteSourceSize": {"x":0,"y":0,"w":24,"h":24},
	"sourceSize": {"w":24,"h":24}
},
"golem-green-0":
{
	"frame": {"x":106,"y":232,"w":24,"h":24},
	"rotated": false,
	"trimmed": false,
	"spriteSourceSize": {"x":0,"y":0,"w":24,"h":24},
	"sourceSize": {"w":24,"h":24}
},
"golem-green-1":
{
	"frame": {"x":132,"y":232,"w":24,"h":24},
	"rotated": false,
	"trimmed": false,
	"spriteSourceSize": {"x":0,"y":0,"w":24,"h":24},
	"sourceSize": {"w":24,"h":24}
},
"golem-red-0":
{
	"frame": {"x":158,"y":232,"w":24,"h":24},
	"rotated": false,
	"trimmed": false,
	"spriteSourceSize": {"x":0,"y":0,"w":24,"h":24},
	"sourceSize": {"w":24,"h":24}
},
"golem-red-1":
{
	"frame": {"x":184,"y":232,"w":24,"h":24},
	"rotated": false,
	"trimmed": false,
	"spriteSourceSize": {"x":0,"y":0,"w":24,"h":24},
	"sourceSize": {"w":24,"h":24}
},
"grave":
{
	"frame": {"x":210,"y":232,"w":24,"h":24},
	"rotated": false,
	"trimmed": false,
	"spriteSourceSize": {"x":0,"y":0,"w":24,"h":24},
	"sourceSize": {"w":24,"h":24}
},
"hill-0":
{
	"frame": {"x":236,"y":232,"w":24,"h":24},
	"rotated": false,
	"trimmed": false,
	"spriteSourceSize": {"x":0,"y":0,"w":24,"h":24},
	"sourceSize": {"w":24,"h":24}
},
"level-up":
{
	"frame": {"x":262,"y":232,"w":72,"h":12},
	"rotated": false,
	"trimmed": false,
	"spriteSourceSize": {"x":0,"y":0,"w":72,"h":12},
	"sourceSize": {"w":72,"h":12}
},
"open-shop":
{
	"frame": {"x":336,"y":232,"w":24,"h":24},
	"rotated": false,
	"trimmed": false,
	"spriteSourceSize": {"x":0,"y":0,"w":24,"h":24},
	"sourceSize": {"w":24,"h":24}
},
"question":
{
	"frame": {"x":362,"y":232,"w":24,"h":24},
	"rotated": false,
	"trimmed": false,
	"spriteSourceSize": {"x":0,"y":0,"w":24,"h":24},
	"sourceSize": {"w":24,"h":24}
},
"road-0":
{
	"frame": {"x":388,"y":232,"w":24,"h":24},
	"rotated": false,
	"trimmed": false,
	"spriteSourceSize": {"x":0,"y":0,"w":24,"h":24},
	"sourceSize": {"w":24,"h":24}
},
"saeth-black-0":
{
	"frame": {"x":414,"y":232,"w":24,"h":24},
	"rotated": false,
	"trimmed": false,
	"spriteSourceSize": {"x":0,"y":0,"w":24,"h":24},
	"sourceSize": {"w":24,"h":24}
},
"saeth-black-1":
{
	"frame": {"x":440,"y":232,"w":24,"h":24},
	"rotated": false,
	"trimmed": false,
	"spriteSourceSize": {"x":0,"y":0,"w":24,"h":24},
	"sourceSize": {"w":24,"h":24}
},
"saeth-blue-0":
{
	"frame": {"x":466,"y":232,"w":24,"h":24},
	"rotated": false,
	"trimmed": false,
	"spriteSourceSize": {"x":0,"y":0,"w":24,"h":24},
	"sourceSize": {"w":24,"h":24}
},
"saeth-blue-1":
{
	"frame": {"x":2,"y":258,"w":24,"h":24},
	"rotated": false,
	"trimmed": false,
	"spriteSourceSize": {"x":0,"y":0,"w":24,"h":24},
	"sourceSize": {"w":24,"h":24}
},
"saeth-gray-0":
{
	"frame": {"x":28,"y":258,"w":24,"h":24},
	"rotated": false,
	"trimmed": false,
	"spriteSourceSize": {"x":0,"y":0,"w":24,"h":24},
	"sourceSize": {"w":24,"h":24}
},
"saeth-gray-1":
{
	"frame": {"x":54,"y":258,"w":24,"h":24},
	"rotated": false,
	"trimmed": false,
	"spriteSourceSize": {"x":0,"y":0,"w":24,"h":24},
	"sourceSize": {"w":24,"h":24}
},
"saeth-green-0":
{
	"frame": {"x":80,"y":258,"w":24,"h":24},
	"rotated": false,
	"trimmed": false,
	"spriteSourceSize": {"x":0,"y":0,"w":24,"h":24},
	"sourceSize": {"w":24,"h":24}
},
"saeth-green-1":
{
	"frame": {"x":106,"y":258,"w":24,"h":24},
	"rotated": false,
	"trimmed": false,
	"spriteSourceSize": {"x":0,"y":0,"w":24,"h":24},
	"sourceSize": {"w":24,"h":24}
},
"saeth-red-0":
{
	"frame": {"x":132,"y":258,"w":24,"h":24},
	"rotated": false,
	"trimmed": false,
	"spriteSourceSize": {"x":0,"y":0,"w":24,"h":24},
	"sourceSize": {"w":24,"h":24}
},
"saeth-red-1":
{
	"frame": {"x":158,"y":258,"w":24,"h":24},
	"rotated": false,
	"trimmed": false,
	"spriteSourceSize": {"x":0,"y":0,"w":24,"h":24},
	"sourceSize": {"w":24,"h":24}
},
"select-mark-0":
{
	"frame": {"x":184,"y":258,"w":48,"h":48},
	"rotated": false,
	"trimmed": false,
	"spriteSourceSize": {"x":0,"y":0,"w":48,"h":48},
	"sourceSize": {"w":48,"h":48}
},
"select-mark-1":
{
	"frame": {"x":234,"y":258,"w":48,"h":48},
	"rotated": false,
	"trimmed": false,
	"spriteSourceSize": {"x":0,"y":0,"w":48,"h":48},
	"sourceSize": {"w":48,"h":48}
},
"simple-attack-animation-0":
{
	"frame": {"x":284,"y":258,"w":24,"h":24},
	"rotated": false,
	"trimmed": false,
	"spriteSourceSize": {"x":0,"y":0,"w":24,"h":24},
	"sourceSize": {"w":24,"h":24}
},
"simple-attack-animation-1":
{
	"frame": {"x":310,"y":258,"w":24,"h":24},
	"rotated": false,
	"trimmed": false,
	"spriteSourceSize": {"x":0,"y":0,"w":24,"h":24},
	"sourceSize": {"w":24,"h":24}
},
"simple-attack-animation-2":
{
	"frame": {"x":336,"y":258,"w":24,"h":24},
	"rotated": false,
	"trimmed": false,
	"spriteSourceSize": {"x":0,"y":0,"w":24,"h":24},
	"sourceSize": {"w":24,"h":24}
},
"simple-attack-animation-3":
{
	"frame": {"x":362,"y":258,"w":24,"h":24},
	"rotated": false,
	"trimmed": false,
	"spriteSourceSize": {"x":0,"y":0,"w":24,"h":24},
	"sourceSize": {"w":24,"h":24}
},
"simple-attack-animation-4":
{
	"frame": {"x":388,"y":258,"w":24,"h":24},
	"rotated": false,
	"trimmed": false,
	"spriteSourceSize": {"x":0,"y":0,"w":24,"h":24},
	"sourceSize": {"w":24,"h":24}
},
"simple-attack-animation-5":
{
	"frame": {"x":414,"y":258,"w":24,"h":24},
	"rotated": false,
	"trimmed": false,
	"spriteSourceSize": {"x":0,"y":0,"w":24,"h":24},
	"sourceSize": {"w":24,"h":24}
},
"skeleton-black-0":
{
	"frame": {"x":440,"y":258,"w":24,"h":24},
	"rotated": false,
	"trimmed": false,
	"spriteSourceSize": {"x":0,"y":0,"w":24,"h":24},
	"sourceSize": {"w":24,"h":24}
},
"skeleton-black-1":
{
	"frame": {"x":466,"y":258,"w":24,"h":24},
	"rotated": false,
	"trimmed": false,
	"spriteSourceSize": {"x":0,"y":0,"w":24,"h":24},
	"sourceSize": {"w":24,"h":24}
},
"skeleton-blue-0":
{
	"frame": {"x":2,"y":308,"w":24,"h":24},
	"rotated": false,
	"trimmed": false,
	"spriteSourceSize": {"x":0,"y":0,"w":24,"h":24},
	"sourceSize": {"w":24,"h":24}
},
"skeleton-blue-1":
{
	"frame": {"x":28,"y":308,"w":24,"h":24},
	"rotated": false,
	"trimmed": false,
	"spriteSourceSize": {"x":0,"y":0,"w":24,"h":24},
	"sourceSize": {"w":24,"h":24}
},
"skeleton-gray-0":
{
	"frame": {"x":54,"y":308,"w":24,"h":24},
	"rotated": false,
	"trimmed": false,
	"spriteSourceSize": {"x":0,"y":0,"w":24,"h":24},
	"sourceSize": {"w":24,"h":24}
},
"skeleton-gray-1":
{
	"frame": {"x":80,"y":308,"w":24,"h":24},
	"rotated": false,
	"trimmed": false,
	"spriteSourceSize": {"x":0,"y":0,"w":24,"h":24},
	"sourceSize": {"w":24,"h":24}
},
"skeleton-green-0":
{
	"frame": {"x":106,"y":308,"w":24,"h":24},
	"rotated": false,
	"trimmed": false,
	"spriteSourceSize": {"x":0,"y":0,"w":24,"h":24},
	"sourceSize": {"w":24,"h":24}
},
"skeleton-green-1":
{
	"frame": {"x":132,"y":308,"w":24,"h":24},
	"rotated": false,
	"trimmed": false,
	"spriteSourceSize": {"x":0,"y":0,"w":24,"h":24},
	"sourceSize": {"w":24,"h":24}
},
"skeleton-red-0":
{
	"frame": {"x":158,"y":308,"w":24,"h":24},
	"rotated": false,
	"trimmed": false,
	"spriteSourceSize": {"x":0,"y":0,"w":24,"h":24},
	"sourceSize": {"w":24,"h":24}
},
"skeleton-red-1":
{
	"frame": {"x":184,"y":308,"w":24,"h":24},
	"rotated": false,
	"trimmed": false,
	"spriteSourceSize": {"x":0,"y":0,"w":24,"h":24},
	"sourceSize": {"w":24,"h":24}
},
"skull":
{
	"frame": {"x":210,"y":308,"w":24,"h":24},
	"rotated": false,
	"trimmed": false,
	"spriteSourceSize": {"x":0,"y":0,"w":24,"h":24},
	"sourceSize": {"w":24,"h":24}
},
"smoke-type-0-0":
{
	"frame": {"x":236,"y":308,"w":24,"h":24},
	"rotated": false,
	"trimmed": false,
	"spriteSourceSize": {"x":0,"y":0,"w":24,"h":24},
	"sourceSize": {"w":24,"h":24}
},
"smoke-type-0-1":
{
	"frame": {"x":262,"y":308,"w":24,"h":24},
	"rotated": false,
	"trimmed": false,
	"spriteSourceSize": {"x":0,"y":0,"w":24,"h":24},
	"sourceSize": {"w":24,"h":24}
},
"smoke-type-0-2":
{
	"frame": {"x":288,"y":308,"w":24,"h":24},
	"rotated": false,
	"trimmed": false,
	"spriteSourceSize": {"x":0,"y":0,"w":24,"h":24},
	"sourceSize": {"w":24,"h":24}
},
"smoke-type-0-3":
{
	"frame": {"x":314,"y":308,"w":24,"h":24},
	"rotated": false,
	"trimmed": false,
	"spriteSourceSize": {"x":0,"y":0,"w":24,"h":24},
	"sourceSize": {"w":24,"h":24}
},
"smoke-type-1-0":
{
	"frame": {"x":340,"y":308,"w":24,"h":24},
	"rotated": false,
	"trimmed": false,
	"spriteSourceSize": {"x":0,"y":0,"w":24,"h":24},
	"sourceSize": {"w":24,"h":24}
},
"smoke-type-1-1":
{
	"frame": {"x":366,"y":308,"w":24,"h":24},
	"rotated": false,
	"trimmed": false,
	"spriteSourceSize": {"x":0,"y":0,"w":24,"h":24},
	"sourceSize": {"w":24,"h":24}
},
"smoke-type-1-2":
{
	"frame": {"x":392,"y":308,"w":24,"h":24},
	"rotated": false,
	"trimmed": false,
	"spriteSourceSize": {"x":0,"y":0,"w":24,"h":24},
	"sourceSize": {"w":24,"h":24}
},
"smoke-type-1-3":
{
	"frame": {"x":418,"y":308,"w":24,"h":24},
	"rotated": false,
	"trimmed": false,
	"spriteSourceSize": {"x":0,"y":0,"w":24,"h":24},
	"sourceSize": {"w":24,"h":24}
},
"soldier-black-0":
{
	"frame": {"x":444,"y":308,"w":24,"h":24},
	"rotated": false,
	"trimmed": false,
	"spriteSourceSize": {"x":0,"y":0,"w":24,"h":24},
	"sourceSize": {"w":24,"h":24}
},
"soldier-black-1":
{
	"frame": {"x":470,"y":308,"w":24,"h":24},
	"rotated": false,
	"trimmed": false,
	"spriteSourceSize": {"x":0,"y":0,"w":24,"h":24},
	"sourceSize": {"w":24,"h":24}
},
"soldier-blue-0":
{
	"frame": {"x":2,"y":334,"w":24,"h":24},
	"rotated": false,
	"trimmed": false,
	"spriteSourceSize": {"x":0,"y":0,"w":24,"h":24},
	"sourceSize": {"w":24,"h":24}
},
"soldier-blue-1":
{
	"frame": {"x":28,"y":334,"w":24,"h":24},
	"rotated": false,
	"trimmed": false,
	"spriteSourceSize": {"x":0,"y":0,"w":24,"h":24},
	"sourceSize": {"w":24,"h":24}
},
"soldier-gray-0":
{
	"frame": {"x":54,"y":334,"w":24,"h":24},
	"rotated": false,
	"trimmed": false,
	"spriteSourceSize": {"x":0,"y":0,"w":24,"h":24},
	"sourceSize": {"w":24,"h":24}
},
"soldier-gray-1":
{
	"frame": {"x":80,"y":334,"w":24,"h":24},
	"rotated": false,
	"trimmed": false,
	"spriteSourceSize": {"x":0,"y":0,"w":24,"h":24},
	"sourceSize": {"w":24,"h":24}
},
"soldier-green-0":
{
	"frame": {"x":106,"y":334,"w":24,"h":24},
	"rotated": false,
	"trimmed": false,
	"spriteSourceSize": {"x":0,"y":0,"w":24,"h":24},
	"sourceSize": {"w":24,"h":24}
},
"soldier-green-1":
{
	"frame": {"x":132,"y":334,"w":24,"h":24},
	"rotated": false,
	"trimmed": false,
	"spriteSourceSize": {"x":0,"y":0,"w":24,"h":24},
	"sourceSize": {"w":24,"h":24}
},
"soldier-red-0":
{
	"frame": {"x":158,"y":334,"w":24,"h":24},
	"rotated": false,
	"trimmed": false,
	"spriteSourceSize": {"x":0,"y":0,"w":24,"h":24},
	"sourceSize": {"w":24,"h":24}
},
"soldier-red-1":
{
	"frame": {"x":184,"y":334,"w":24,"h":24},
	"rotated": false,
	"trimmed": false,
	"spriteSourceSize": {"x":0,"y":0,"w":24,"h":24},
	"sourceSize": {"w":24,"h":24}
},
"sorceress-black-0":
{
	"frame": {"x":210,"y":334,"w":24,"h":24},
	"rotated": false,
	"trimmed": false,
	"spriteSourceSize": {"x":0,"y":0,"w":24,"h":24},
	"sourceSize": {"w":24,"h":24}
},
"sorceress-black-1":
{
	"frame": {"x":236,"y":334,"w":24,"h":24},
	"rotated": false,
	"trimmed": false,
	"spriteSourceSize": {"x":0,"y":0,"w":24,"h":24},
	"sourceSize": {"w":24,"h":24}
},
"sorceress-blue-0":
{
	"frame": {"x":262,"y":334,"w":24,"h":24},
	"rotated": false,
	"trimmed": false,
	"spriteSourceSize": {"x":0,"y":0,"w":24,"h":24},
	"sourceSize": {"w":24,"h":24}
},
"sorceress-blue-1":
{
	"frame": {"x":288,"y":334,"w":24,"h":24},
	"rotated": false,
	"trimmed": false,
	"spriteSourceSize": {"x":0,"y":0,"w":24,"h":24},
	"sourceSize": {"w":24,"h":24}
},
"sorceress-gray-0":
{
	"frame": {"x":314,"y":334,"w":24,"h":24},
	"rotated": false,
	"trimmed": false,
	"spriteSourceSize": {"x":0,"y":0,"w":24,"h":24},
	"sourceSize": {"w":24,"h":24}
},
"sorceress-gray-1":
{
	"frame": {"x":340,"y":334,"w":24,"h":24},
	"rotated": false,
	"trimmed": false,
	"spriteSourceSize": {"x":0,"y":0,"w":24,"h":24},
	"sourceSize": {"w":24,"h":24}
},
"sorceress-green-0":
{
	"frame": {"x":366,"y":334,"w":24,"h":24},
	"rotated": false,
	"trimmed": false,
	"spriteSourceSize": {"x":0,"y":0,"w":24,"h":24},
	"sourceSize": {"w":24,"h":24}
},
"sorceress-green-1":
{
	"frame": {"x":392,"y":334,"w":24,"h":24},
	"rotated": false,
	"trimmed": false,
	"spriteSourceSize": {"x":0,"y":0,"w":24,"h":24},
	"sourceSize": {"w":24,"h":24}
},
"sorceress-red-0":
{
	"frame": {"x":418,"y":334,"w":24,"h":24},
	"rotated": false,
	"trimmed": false,
	"spriteSourceSize": {"x":0,"y":0,"w":24,"h":24},
	"sourceSize": {"w":24,"h":24}
},
"sorceress-red-1":
{
	"frame": {"x":444,"y":334,"w":24,"h":24},
	"rotated": false,
	"trimmed": false,
	"spriteSourceSize": {"x":0,"y":0,"w":24,"h":24},
	"sourceSize": {"w":24,"h":24}
},
"stone-0":
{
	"frame": {"x":470,"y":334,"w":24,"h":24},
	"rotated": false,
	"trimmed": false,
	"spriteSourceSize": {"x":0,"y":0,"w":24,"h":24},
	"sourceSize": {"w":24,"h":24}
},
"stone-1":
{
	"frame": {"x":2,"y":360,"w":24,"h":24},
	"rotated": false,
	"trimmed": false,
	"spriteSourceSize": {"x":0,"y":0,"w":24,"h":24},
	"sourceSize": {"w":24,"h":24}
},
"temple":
{
	"frame": {"x":28,"y":360,"w":24,"h":24},
	"rotated": false,
	"trimmed": false,
	"spriteSourceSize": {"x":0,"y":0,"w":24,"h":24},
	"sourceSize": {"w":24,"h":24}
},
"terra-0":
{
	"frame": {"x":54,"y":360,"w":24,"h":24},
	"rotated": false,
	"trimmed": false,
	"spriteSourceSize": {"x":0,"y":0,"w":24,"h":24},
	"sourceSize": {"w":24,"h":24}
},
"terra-1":
{
	"frame": {"x":80,"y":360,"w":24,"h":24},
	"rotated": false,
	"trimmed": false,
	"spriteSourceSize": {"x":0,"y":0,"w":24,"h":24},
	"sourceSize": {"w":24,"h":24}
},
"terra-2":
{
	"frame": {"x":106,"y":360,"w":24,"h":24},
	"rotated": false,
	"trimmed": false,
	"spriteSourceSize": {"x":0,"y":0,"w":24,"h":24},
	"sourceSize": {"w":24,"h":24}
},
"terra-3":
{
	"frame": {"x":132,"y":360,"w":24,"h":24},
	"rotated": false,
	"trimmed": false,
	"spriteSourceSize": {"x":0,"y":0,"w":24,"h":24},
	"sourceSize": {"w":24,"h":24}
},
"terra-4":
{
	"frame": {"x":158,"y":360,"w":24,"h":24},
	"rotated": false,
	"trimmed": false,
	"spriteSourceSize": {"x":0,"y":0,"w":24,"h":24},
	"sourceSize": {"w":24,"h":24}
},
"under-poison":
{
	"frame": {"x":184,"y":360,"w":7,"h":9},
	"rotated": false,
	"trimmed": false,
	"spriteSourceSize": {"x":0,"y":0,"w":7,"h":9},
	"sourceSize": {"w":7,"h":9}
},
"under-wisp-aura":
{
	"frame": {"x":193,"y":360,"w":7,"h":7},
	"rotated": false,
	"trimmed": false,
	"spriteSourceSize": {"x":0,"y":0,"w":7,"h":7},
	"sourceSize": {"w":7,"h":7}
},
"valadorn-black-0":
{
	"frame": {"x":202,"y":360,"w":24,"h":24},
	"rotated": false,
	"trimmed": false,
	"spriteSourceSize": {"x":0,"y":0,"w":24,"h":24},
	"sourceSize": {"w":24,"h":24}
},
"valadorn-black-1":
{
	"frame": {"x":228,"y":360,"w":24,"h":24},
	"rotated": false,
	"trimmed": false,
	"spriteSourceSize": {"x":0,"y":0,"w":24,"h":24},
	"sourceSize": {"w":24,"h":24}
},
"valadorn-blue-0":
{
	"frame": {"x":254,"y":360,"w":24,"h":24},
	"rotated": false,
	"trimmed": false,
	"spriteSourceSize": {"x":0,"y":0,"w":24,"h":24},
	"sourceSize": {"w":24,"h":24}
},
"valadorn-blue-1":
{
	"frame": {"x":280,"y":360,"w":24,"h":24},
	"rotated": false,
	"trimmed": false,
	"spriteSourceSize": {"x":0,"y":0,"w":24,"h":24},
	"sourceSize": {"w":24,"h":24}
},
"valadorn-gray-0":
{
	"frame": {"x":306,"y":360,"w":24,"h":24},
	"rotated": false,
	"trimmed": false,
	"spriteSourceSize": {"x":0,"y":0,"w":24,"h":24},
	"sourceSize": {"w":24,"h":24}
},
"valadorn-gray-1":
{
	"frame": {"x":332,"y":360,"w":24,"h":24},
	"rotated": false,
	"trimmed": false,
	"spriteSourceSize": {"x":0,"y":0,"w":24,"h":24},
	"sourceSize": {"w":24,"h":24}
},
"valadorn-green-0":
{
	"frame": {"x":358,"y":360,"w":24,"h":24},
	"rotated": false,
	"trimmed": false,
	"spriteSourceSize": {"x":0,"y":0,"w":24,"h":24},
	"sourceSize": {"w":24,"h":24}
},
"valadorn-green-1":
{
	"frame": {"x":384,"y":360,"w":24,"h":24},
	"rotated": false,
	"trimmed": false,
	"spriteSourceSize": {"x":0,"y":0,"w":24,"h":24},
	"sourceSize": {"w":24,"h":24}
},
"valadorn-red-0":
{
	"frame": {"x":410,"y":360,"w":24,"h":24},
	"rotated": false,
	"trimmed": false,
	"spriteSourceSize": {"x":0,"y":0,"w":24,"h":24},
	"sourceSize": {"w":24,"h":24}
},
"valadorn-red-1":
{
	"frame": {"x":436,"y":360,"w":24,"h":24},
	"rotated": false,
	"trimmed": false,
	"spriteSourceSize": {"x":0,"y":0,"w":24,"h":24},
	"sourceSize": {"w":24,"h":24}
},
"water-0":
{
	"frame": {"x":462,"y":360,"w":24,"h":24},
	"rotated": false,
	"trimmed": false,
	"spriteSourceSize": {"x":0,"y":0,"w":24,"h":24},
	"sourceSize": {"w":24,"h":24}
},
"water-1":
{
	"frame": {"x":2,"y":386,"w":24,"h":24},
	"rotated": false,
	"trimmed": false,
	"spriteSourceSize": {"x":0,"y":0,"w":24,"h":24},
	"sourceSize": {"w":24,"h":24}
},
"water-2":
{
	"frame": {"x":28,"y":386,"w":24,"h":24},
	"rotated": false,
	"trimmed": false,
	"spriteSourceSize": {"x":0,"y":0,"w":24,"h":24},
	"sourceSize": {"w":24,"h":24}
},
"well":
{
	"frame": {"x":54,"y":386,"w":24,"h":24},
	"rotated": false,
	"trimmed": false,
	"spriteSourceSize": {"x":0,"y":0,"w":24,"h":24},
	"sourceSize": {"w":24,"h":24}
},
"wisp-black-0":
{
	"frame": {"x":80,"y":386,"w":24,"h":24},
	"rotated": false,
	"trimmed": false,
	"spriteSourceSize": {"x":0,"y":0,"w":24,"h":24},
	"sourceSize": {"w":24,"h":24}
},
"wisp-black-1":
{
	"frame": {"x":106,"y":386,"w":24,"h":24},
	"rotated": false,
	"trimmed": false,
	"spriteSourceSize": {"x":0,"y":0,"w":24,"h":24},
	"sourceSize": {"w":24,"h":24}
},
"wisp-blue-0":
{
	"frame": {"x":132,"y":386,"w":24,"h":24},
	"rotated": false,
	"trimmed": false,
	"spriteSourceSize": {"x":0,"y":0,"w":24,"h":24},
	"sourceSize": {"w":24,"h":24}
},
"wisp-blue-1":
{
	"frame": {"x":158,"y":386,"w":24,"h":24},
	"rotated": false,
	"trimmed": false,
	"spriteSourceSize": {"x":0,"y":0,"w":24,"h":24},
	"sourceSize": {"w":24,"h":24}
},
"wisp-gray-0":
{
	"frame": {"x":184,"y":386,"w":24,"h":24},
	"rotated": false,
	"trimmed": false,
	"spriteSourceSize": {"x":0,"y":0,"w":24,"h":24},
	"sourceSize": {"w":24,"h":24}
},
"wisp-gray-1":
{
	"frame": {"x":210,"y":386,"w":24,"h":24},
	"rotated": false,
	"trimmed": false,
	"spriteSourceSize": {"x":0,"y":0,"w":24,"h":24},
	"sourceSize": {"w":24,"h":24}
},
"wisp-green-0":
{
	"frame": {"x":236,"y":386,"w":24,"h":24},
	"rotated": false,
	"trimmed": false,
	"spriteSourceSize": {"x":0,"y":0,"w":24,"h":24},
	"sourceSize": {"w":24,"h":24}
},
"wisp-green-1":
{
	"frame": {"x":262,"y":386,"w":24,"h":24},
	"rotated": false,
	"trimmed": false,
	"spriteSourceSize": {"x":0,"y":0,"w":24,"h":24},
	"sourceSize": {"w":24,"h":24}
},
"wisp-red-0":
{
	"frame": {"x":288,"y":386,"w":24,"h":24},
	"rotated": false,
	"trimmed": false,
	"spriteSourceSize": {"x":0,"y":0,"w":24,"h":24},
	"sourceSize": {"w":24,"h":24}
},
"wisp-red-1":
{
	"frame": {"x":314,"y":386,"w":24,"h":24},
	"rotated": false,
	"trimmed": false,
	"spriteSourceSize": {"x":0,"y":0,"w":24,"h":24},
	"sourceSize": {"w":24,"h":24}
}},
"meta": {
	"app": "http://www.codeandweb.com/texturepacker",
	"version": "1.0",
	"image": "sprite.png",
	"format": "RGBA8888",
	"size": {"w":512,"h":512},
	"scale": "1",
	"smartupdate": "$TexturePacker:SmartUpdate:10b3dc63f7f3192f818d04066ac898ac:14bb062c64cbb3822c5e74d5369be448:68d88b3cf7eafc9b5accfffdfb2fda91$"
}
}
