{
    "route": {
        "other": {
            "getPublicId": "/api/other/get-public-id/:privateUserId"
        },
        "room": {
            "create": "/api/room/create-room",
            "getItems": "/api/room/get-items",
            "getState": "/api/room/get-state/:instanceId/:key",
            "getStates": "/api/room/get-states/:instanceId/:keys",
            "setState": "/api/room/set-state/:instanceId",
            "pushToKey": "/api/room/push-to-key/:instanceId",
            "join": "/api/room/join/:instanceId/:privateUserId",
            "leave": "/api/room/leave/:instanceId/:privateUserId",
            "setUserState": "/api/room/set-user-state/:instanceId/:privateUserId",
            "pingUser": "/api/room/ping-user/:instanceId/:privateUserId",
            "leaveTurn": "/api/room/leave-turn/:instanceId/:privateUserId",
            "pushTurn": "/api/room/push-turn/:instanceId/:privateUserId",
            "getTurns": "/api/room/get-turns/:instanceId/:hash"
        }
    }
}
