{
    "LINK": {
        "GET_SERVER_INFO": "/api/link__get_server_info",
        "CREATE_ROOM": "/api/link__create_room",
        "GET_AVAILABLE_ROOMS": "/api/link__get_available_rooms"
    },
    "MESSAGE": {
        "FROM": {
            "FRONT": {
                "CHAT": {
                    "CHAT_MESSAGE": "CHAT_MESSAGE"
                }
            },
            "BACK": {
                "CHAT": {
                    "YOU_GOT_NEW_CHAT_MESSAGE": "YOU_GOT_NEW_CHAT_MESSAGE"
                },
                "YOU_HAS_BEEN_CONNECTED_TO_ROOM": "YOU_HAS_BEEN_CONNECTED_TO_ROOM",
                "ROOM_IS_NOT_EXISTS": "ROOM_IS_NOT_EXISTS"
            }
        }
    }
}
