{
    "type": {
        "farm": {
            "armor": 2,
            "revenue": 20,
            "healthAddition": 30
        },
        "farm-destroyed": {
            "armor": 1
        },
        "castle": {
            "armor": 3,
            "revenue": 30,
            "healthAddition": 30
        },
        "temple": {
            "armor": 3,
            "healthAddition": 30
        },
        "well": {
            "armor": 2,
            "healthAddition": 30
        }
    }
}
