{
    "localization": [
        {
            "local": "en",
            "name": "my first best map"
        }
    ],
    "landscape": [
        ["hill-0",      "forest-0",   "forest-0",     "road-0",     "forest-0", "hill-0",      "forest-0",   "forest-0",     "road-0",     "forest-0" ],
        ["forest-0",    "road-0",     "forest-0",     "road-0",     "forest-0", "hill-0",      "forest-0",   "forest-0",     "road-0",     "forest-0" ],
        ["forest-0",    "forest-0",   "road-0",       "road-0",     "road-0",   "hill-0",      "forest-0",   "forest-0",     "road-0",     "forest-0" ],
        ["forest-0",    "forest-0",   "forest-0",     "road-0",     "forest-1", "hill-0",      "forest-0",   "forest-0",     "road-0",     "forest-0" ],
        ["forest-0",    "forest-0",   "forest-0",     "road-0",     "forest-1", "hill-0",      "forest-0",   "forest-0",     "road-0",     "forest-0" ],
        ["forest-0",    "forest-0",   "forest-0",     "road-0",     "forest-1", "hill-0",      "forest-0",   "forest-0",     "road-0",     "forest-0" ],
        ["forest-0",    "forest-0",   "forest-0",     "road-0",     "forest-1", "hill-0",      "forest-0",   "forest-0",     "road-0",     "forest-0" ],
        ["forest-0",    "forest-0",   "forest-0",     "road-0",     "forest-1", "hill-0",      "forest-0",   "forest-0",     "road-0",     "forest-0" ],
        ["forest-0",    "forest-0",   "forest-0",     "road-0",     "forest-1", "hill-0",      "forest-0",   "forest-0",     "road-0",     "forest-0" ],
        ["water-0",     "water-0",    "water-0",      "water-0",    "water-1",  "water-0",     "water-0",     "water-0",     "water-0",     "water-0" ],
        ["water-0",     "water-1",    "water-1",      "water-1",    "water-1",  "water-0",     "water-0",     "water-0",     "water-0",     "water-0" ],
        ["water-0",     "water-0",    "water-0",      "water-2",    "water-1",  "water-0",     "water-0",     "water-0",     "water-0",     "water-0" ],
        ["water-0",     "water-0",    "water-0",      "water-2",    "water-1",  "water-0",     "water-0",     "water-0",     "water-0",     "water-0" ],
        ["water-0",     "water-0",    "water-0",      "water-2",    "water-1",  "water-0",     "water-0",     "water-0",     "water-0",     "water-0" ],
        ["water-0",     "water-0",    "water-0",      "water-0",    "water-1",  "water-0",     "water-0",     "water-0",     "water-0",     "water-0" ]
    ],
    "buildings": [
        {
            "x": 0,
            "y": 0,
            "type": "castle",
            "userOrder": 0
        },
        {
            "x": 1,
            "y": 1,
            "type": "castle",
            "userOrder": 0
        },
        {
            "x": 3,
            "y": 2,
            "type": "farm",
            "userOrder": 1
        },
        {
            "x": 5,
            "y": 5,
            "type": "well"
        },
        {
            "x": 5,
            "y": 6,
            "type": "temple"
        },
        {
            "x": 4,
            "y": 3,
            "type": "farm-destroyed"
        },
        {
            "x": 6,
            "y": 5,
            "type": "castle",
            "userOrder": 1
        },
        {
            "x": 6,
            "y": 6,
            "type": "castle",
            "userOrder": 0
        },
        {
            "x": 5,
            "y": 3,
            "type": "farm",
            "userOrder": 1
        }
    ],
    "units": [
        {
            "x": 0,
            "y": 0,
            "type": "soldier",
            "userOrder": 0
        },
        {
            "x": 1,
            "y": 0,
            "type": "archer",
            "userOrder": 0
        },
        {
            "x": 2,
            "y": 0,
            "type": "elemental",
            "userOrder": 0
        },
        {
            "x": 2,
            "y": 9,
            "type": "elemental",
            "userOrder": 0
        },
        {
            "x": 3,
            "y": 0,
            "type": "sorceress",
            "userOrder": 0
        },
        {
            "x": 5,
            "y": 6,
            "type": "sorceress",
            "userOrder": 0
        },
        {
            "x": 4,
            "y": 0,
            "type": "wisp",
            "userOrder": 0
        },
        {
            "x": 5,
            "y": 0,
            "type": "dire-wolf",
            "userOrder": 0
        },
        {
            "x": 5,
            "y": 2,
            "type": "dire-wolf",
            "userOrder": 0
        },
        {
            "x": 0,
            "y": 1,
            "type": "golem",
            "userOrder": 0
        },
        {
            "x": 1,
            "y": 1,
            "type": "catapult",
            "userOrder": 0
        },
        {
            "x": 2,
            "y": 1,
            "type": "dragon",
            "userOrder": 0
        },
        {
            "x": 7,
            "y": 7,
            "type": "dragon",
            "userOrder": 0
        },
        {
            "x": 3,
            "y": 1,
            "type": "skeleton",
            "userOrder": 0
        },
        {
            "x": 4,
            "y": 1,
            "type": "crystal",
            "userOrder": 0
        },
        {
            "x": 5,
            "y": 1,
            "type": "galamar",
            "userOrder": 0
        },
        {
            "x": 6,
            "y": 1,
            "__type": "valadorn",
            "type": "soldier",
            "userOrder": 0
        },
        {
            "x": 7,
            "y": 1,
            "__type": "demon-lord",
            "type": "soldier",
            "userOrder": 0
        },
        {
            "x": 8,
            "y": 1,
            "__type": "saeth",
            "type": "soldier",
            "userOrder": 0
        },
        {
            "x": 3,
            "y": 4,
            "type": "soldier",
            "userOrder": 1
        },
        {
            "x": 4,
            "y": 4,
            "type": "soldier",
            "userOrder": 1
        },
        {
            "x": 5,
            "y": 4,
            "type": "dire-wolf",
            "userOrder": 1
        }
    ],
    "graves": [
        {
            "x": 6,
            "y": 6,
            "count": 3
        }
    ]
}
